,GameType,Date,WinningTeam,AwayTeam,AwayScore,HomeTeam,HomeScore
564,regular,October 22 2019,TOR,NOP,122,TOR,130
1025,regular,October 22 2019,LAC,LAL,102,LAC,112
1515,regular,October 23 2019,CHO,CHI,125,CHO,126
2001,regular,October 23 2019,DET,DET,119,IND,110
2455,regular,October 23 2019,ORL,CLE,85,ORL,94
3008,regular,October 23 2019,MIN,MIN,127,BRK,126
3553,regular,October 23 2019,MIA,MEM,101,MIA,120
4102,regular,October 23 2019,PHI,BOS,93,PHI,107
4597,regular,October 23 2019,DAL,WAS,100,DAL,108
5079,regular,October 23 2019,SAS,NYK,111,SAS,120
5583,regular,October 23 2019,UTA,OKC,95,UTA,100
6089,regular,October 23 2019,PHO,SAC,95,PHO,124
6574,regular,October 23 2019,DEN,DEN,108,POR,100
7031,regular,October 24 2019,ATL,ATL,117,DET,100
7556,regular,October 24 2019,MIL,MIL,117,HOU,111
8037,regular,October 24 2019,LAC,LAC,141,GSW,122
8517,regular,October 25 2019,BOS,TOR,106,BOS,112
9025,regular,October 25 2019,MIN,MIN,121,CHO,99
9541,regular,October 25 2019,BRK,NYK,109,BRK,113
10041,regular,October 25 2019,CHI,CHI,110,MEM,102
10519,regular,October 25 2019,DAL,DAL,123,NOP,116
10989,regular,October 25 2019,WAS,WAS,97,OKC,85
11530,regular,October 25 2019,DEN,PHO,107,DEN,108
11993,regular,October 25 2019,POR,POR,122,SAC,112
12448,regular,October 25 2019,LAL,UTA,86,LAL,95
13049,regular,October 26 2019,MIA,MIA,131,MIL,126
13553,regular,October 26 2019,PHI,PHI,117,DET,111
14050,regular,October 26 2019,ATL,ORL,99,ATL,103
14576,regular,October 26 2019,BOS,BOS,118,NYK,95
15068,regular,October 26 2019,TOR,TOR,108,CHI,84
15524,regular,October 26 2019,CLE,IND,99,CLE,110
16034,regular,October 26 2019,HOU,NOP,123,HOU,126
16503,regular,October 26 2019,SAS,WAS,122,SAS,124
16922,regular,October 26 2019,UTA,SAC,81,UTA,113
17445,regular,October 26 2019,PHO,LAC,122,PHO,130
17911,regular,October 27 2019,OKC,GSW,92,OKC,120
18470,regular,October 27 2019,MEM,BRK,133,MEM,134
18972,regular,October 27 2019,POR,POR,121,DAL,119
19448,regular,October 27 2019,MIN,MIA,109,MIN,116
19918,regular,October 27 2019,LAL,CHO,101,LAL,120
20355,regular,October 28 2019,DET,IND,94,DET,96
20842,regular,October 28 2019,NYK,CHI,98,NYK,105
21382,regular,October 28 2019,PHI,PHI,105,ATL,103
21851,regular,October 28 2019,TOR,ORL,95,TOR,104
22364,regular,October 28 2019,HOU,OKC,112,HOU,116
22843,regular,October 28 2019,MIL,CLE,112,MIL,129
23365,regular,October 28 2019,GSW,GSW,134,NOP,123
23864,regular,October 28 2019,SAS,POR,110,SAS,113
24360,regular,October 28 2019,UTA,UTA,96,PHO,95
24850,regular,October 28 2019,DEN,DEN,101,SAC,94
25310,regular,October 28 2019,LAC,CHO,96,LAC,111
25816,regular,October 29 2019,MIA,ATL,97,MIA,112
26266,regular,October 29 2019,DAL,DAL,109,DEN,106
26781,regular,October 29 2019,LAL,MEM,91,LAL,120
27252,regular,October 30 2019,CLE,CHI,111,CLE,117
27683,regular,October 30 2019,ORL,NYK,83,ORL,95
28197,regular,October 30 2019,PHI,MIN,95,PHI,117
28676,regular,October 30 2019,BOS,MIL,105,BOS,116
29174,regular,October 30 2019,IND,IND,118,BRK,108
29606,regular,October 30 2019,TOR,DET,113,TOR,125
30111,regular,October 30 2019,POR,POR,102,OKC,99
30619,regular,October 30 2019,HOU,HOU,159,WAS,158
31052,regular,October 30 2019,CHO,CHO,118,SAC,111
31480,regular,October 30 2019,UTA,LAC,96,UTA,110
31969,regular,October 30 2019,PHO,PHO,121,GSW,110
32434,regular,October 31 2019,MIA,MIA,106,ATL,97
32886,regular,October 31 2019,NOP,DEN,107,NOP,122
33379,regular,October 31 2019,LAC,SAS,97,LAC,103
33878,regular,November 1 2019,BRK,HOU,116,BRK,123
34375,regular,November 1 2019,IND,CLE,95,IND,102
34846,regular,November 1 2019,MIL,MIL,123,ORL,91
35320,regular,November 1 2019,BOS,NYK,102,BOS,104
35791,regular,November 1 2019,CHI,DET,106,CHI,112
36308,regular,November 1 2019,LAL,LAL,119,DAL,110
36752,regular,November 1 2019,SAC,UTA,101,SAC,102
37216,regular,November 1 2019,SAS,SAS,127,GSW,110
37703,regular,November 2 2019,OKC,NOP,104,OKC,115
38180,regular,November 2 2019,DET,BRK,109,DET,113
38646,regular,November 2 2019,DEN,DEN,91,ORL,87
39110,regular,November 2 2019,PHO,PHO,114,MEM,105
39592,regular,November 2 2019,MIL,TOR,105,MIL,115
40076,regular,November 2 2019,MIN,MIN,131,WAS,109
40528,regular,November 2 2019,CHO,CHO,93,GSW,87
40992,regular,November 2 2019,PHI,PHI,129,POR,128
41480,regular,November 3 2019,IND,CHI,95,IND,108
41945,regular,November 3 2019,MIA,HOU,100,MIA,129
42422,regular,November 3 2019,SAC,SAC,113,NYK,92
42891,regular,November 3 2019,LAL,LAL,103,SAS,96
43360,regular,November 3 2019,DAL,DAL,131,CLE,111
43861,regular,November 3 2019,LAC,UTA,94,LAC,105
44336,regular,November 4 2019,WAS,DET,99,WAS,115
44831,regular,November 4 2019,BRK,NOP,125,BRK,135
45348,regular,November 4 2019,HOU,HOU,107,MEM,100
45879,regular,November 4 2019,MIL,MIL,134,MIN,106
46365,regular,November 4 2019,PHO,PHI,109,PHO,114
46838,regular,November 4 2019,GSW,POR,118,GSW,127
47333,regular,November 5 2019,CHO,IND,120,CHO,122
47781,regular,November 5 2019,BOS,BOS,119,CLE,113
48266,regular,November 5 2019,ATL,SAS,100,ATL,108
48735,regular,November 5 2019,LAL,LAL,118,CHI,112
49198,regular,November 5 2019,OKC,ORL,94,OKC,102
49672,regular,November 5 2019,DEN,MIA,89,DEN,109
50100,regular,November 6 2019,DET,NYK,102,DET,122
50593,regular,November 6 2019,IND,WAS,106,IND,121
51102,regular,November 6 2019,CHI,CHI,113,ATL,93
51588,regular,November 6 2019,HOU,GSW,112,HOU,129
52043,regular,November 6 2019,TOR,SAC,120,TOR,124
52535,regular,November 6 2019,MEM,MIN,121,MEM,137
53020,regular,November 6 2019,DAL,ORL,106,DAL,107
53504,regular,November 6 2019,UTA,PHI,104,UTA,106
54068,regular,November 6 2019,MIL,MIL,129,LAC,124
54553,regular,November 7 2019,BOS,BOS,108,CHO,87
54991,regular,November 7 2019,SAS,OKC,112,SAS,121
55465,regular,November 7 2019,MIA,MIA,124,PHO,108
55971,regular,November 7 2019,LAC,POR,101,LAC,107
56425,regular,November 8 2019,IND,DET,106,IND,112
56893,regular,November 8 2019,ORL,MEM,86,ORL,118
57363,regular,November 8 2019,CLE,CLE,113,WAS,100
57783,regular,November 8 2019,SAC,SAC,121,ATL,109
58369,regular,November 8 2019,MIN,GSW,119,MIN,125
58878,regular,November 8 2019,TOR,TOR,122,NOP,104
59372,regular,November 8 2019,NYK,NYK,106,DAL,102
59825,regular,November 8 2019,DEN,PHI,97,DEN,100
60374,regular,November 8 2019,UTA,MIL,100,UTA,103
60880,regular,November 8 2019,BRK,BRK,119,POR,115
61325,regular,November 8 2019,LAL,MIA,80,LAL,95
61848,regular,November 9 2019,BOS,BOS,135,SAS,115
62359,regular,November 9 2019,NOP,NOP,115,CHO,110
62854,regular,November 9 2019,HOU,HOU,117,CHI,94
63311,regular,November 9 2019,DAL,DAL,138,MEM,122
63729,regular,November 9 2019,OKC,GSW,108,OKC,114
64295,regular,November 10 2019,DEN,DEN,100,MIN,98
64686,regular,November 10 2019,IND,IND,109,ORL,102
65125,regular,November 10 2019,PHI,CHO,106,PHI,114
65577,regular,November 10 2019,MIL,MIL,121,OKC,119
66071,regular,November 10 2019,CLE,CLE,108,NYK,87
66530,regular,November 10 2019,PHO,BRK,112,PHO,138
67089,regular,November 10 2019,POR,ATL,113,POR,124
67556,regular,November 10 2019,TOR,TOR,113,LAL,104
68030,regular,November 11 2019,MIN,MIN,120,DET,114
68510,regular,November 11 2019,BOS,DAL,106,BOS,116
68961,regular,November 11 2019,MEM,MEM,113,SAS,109
69463,regular,November 11 2019,HOU,HOU,122,NOP,116
69924,regular,November 11 2019,UTA,UTA,122,GSW,108
70409,regular,November 11 2019,LAC,TOR,88,LAC,98
70863,regular,November 12 2019,IND,OKC,85,IND,111
71316,regular,November 12 2019,PHI,CLE,97,PHI,98
71791,regular,November 12 2019,MIA,DET,108,MIA,117
72298,regular,November 12 2019,CHI,NYK,102,CHI,120
72799,regular,November 12 2019,ATL,ATL,125,DEN,121
73254,regular,November 12 2019,LAL,LAL,123,PHO,115
73751,regular,November 12 2019,UTA,BRK,114,UTA,119
74217,regular,November 12 2019,SAC,POR,99,SAC,107
74658,regular,November 13 2019,MEM,MEM,119,CHO,117
75149,regular,November 13 2019,ORL,PHI,97,ORL,112
75634,regular,November 13 2019,BOS,WAS,133,BOS,140
76118,regular,November 13 2019,HOU,LAC,93,HOU,102
76613,regular,November 13 2019,MIN,SAS,114,MIN,129
77064,regular,November 13 2019,LAL,GSW,94,LAL,120
77513,regular,November 13 2019,TOR,TOR,114,POR,106
77932,regular,November 14 2019,MIA,MIA,108,CLE,97
78476,regular,November 14 2019,MIL,CHI,115,MIL,124
78969,regular,November 14 2019,NOP,LAC,127,NOP,132
79470,regular,November 14 2019,NYK,DAL,103,NYK,106
80004,regular,November 14 2019,PHO,ATL,112,PHO,128
80465,regular,November 14 2019,DEN,BRK,93,DEN,101
80907,regular,November 15 2019,CHO,DET,106,CHO,109
81371,regular,November 15 2019,ORL,SAS,109,ORL,111
81848,regular,November 15 2019,HOU,IND,102,HOU,111
82327,regular,November 15 2019,MEM,UTA,106,MEM,107
82825,regular,November 15 2019,WAS,WAS,137,MIN,116
83309,regular,November 15 2019,OKC,PHI,119,OKC,127
83803,regular,November 15 2019,BOS,BOS,105,GSW,100
84228,regular,November 15 2019,LAL,SAC,97,LAL,99
84760,regular,November 16 2019,BRK,BRK,117,CHI,111
85225,regular,November 16 2019,MIL,MIL,102,IND,83
85681,regular,November 16 2019,CHO,CHO,103,NYK,102
86062,regular,November 16 2019,MIA,NOP,94,MIA,109
86529,regular,November 16 2019,HOU,HOU,125,MIN,105
86989,regular,November 16 2019,DAL,TOR,102,DAL,110
87459,regular,November 16 2019,POR,POR,121,SAS,116
87992,regular,November 16 2019,LAC,ATL,101,LAC,150
88450,regular,November 17 2019,PHI,PHI,114,CLE,95
88886,regular,November 17 2019,SAC,BOS,99,SAC,100
89329,regular,November 17 2019,DEN,DEN,131,MEM,114
89773,regular,November 17 2019,ORL,WAS,121,ORL,125
90238,regular,November 17 2019,NOP,GSW,100,NOP,108
90703,regular,November 17 2019,LAL,ATL,101,LAL,122
91201,regular,November 18 2019,NYK,CLE,105,NYK,123
91682,regular,November 18 2019,IND,IND,115,BRK,86
92130,regular,November 18 2019,TOR,CHO,96,TOR,132
92622,regular,November 18 2019,MIL,MIL,115,CHI,101
93131,regular,November 18 2019,HOU,POR,108,HOU,132
93587,regular,November 18 2019,DAL,SAS,110,DAL,117
94040,regular,November 18 2019,BOS,BOS,99,PHO,85
94542,regular,November 18 2019,MIN,MIN,112,UTA,102
95011,regular,November 18 2019,LAC,OKC,88,LAC,90
95498,regular,November 19 2019,GSW,GSW,114,MEM,95
95966,regular,November 19 2019,NOP,POR,104,NOP,115
96432,regular,November 19 2019,SAC,PHO,116,SAC,120
96891,regular,November 19 2019,LAL,OKC,107,LAL,112
97351,regular,November 20 2019,PHI,NYK,104,PHI,109
97798,regular,November 20 2019,WAS,SAS,132,WAS,138
98332,regular,November 20 2019,MIL,MIL,135,ATL,127
98805,regular,November 20 2019,BRK,CHO,91,BRK,101
99259,regular,November 20 2019,DAL,GSW,94,DAL,142
99716,regular,November 20 2019,MIA,CLE,100,MIA,124
100183,regular,November 20 2019,TOR,ORL,97,TOR,113
100685,regular,November 20 2019,CHI,DET,89,CHI,109
101171,regular,November 20 2019,UTA,UTA,103,MIN,95
101636,regular,November 20 2019,DEN,HOU,95,DEN,105
102167,regular,November 20 2019,LAC,BOS,104,LAC,107
102668,regular,November 21 2019,MIL,POR,129,MIL,137
103142,regular,November 21 2019,NOP,NOP,124,PHO,121
103582,regular,November 22 2019,DET,ATL,103,DET,128
104013,regular,November 22 2019,WAS,CHO,118,WAS,125
104479,regular,November 22 2019,BRK,SAC,97,BRK,116
104940,regular,November 22 2019,MIA,MIA,116,CHI,108
105419,regular,November 22 2019,LAL,LAL,130,OKC,127
105863,regular,November 22 2019,PHI,SAS,104,PHI,115
106274,regular,November 22 2019,DAL,CLE,101,DAL,143
106719,regular,November 22 2019,DEN,BOS,92,DEN,96
107157,regular,November 22 2019,UTA,GSW,109,UTA,113
107658,regular,November 22 2019,LAC,HOU,119,LAC,122
108138,regular,November 23 2019,PHO,PHO,100,MIN,98
108583,regular,November 23 2019,CHI,CHI,116,CHO,115
109003,regular,November 23 2019,IND,ORL,106,IND,111
109465,regular,November 23 2019,TOR,TOR,119,ATL,116
109926,regular,November 23 2019,SAS,SAS,111,NYK,104
110364,regular,November 23 2019,PHI,MIA,86,PHI,113
110818,regular,November 23 2019,CLE,POR,104,CLE,110
111287,regular,November 23 2019,LAL,LAL,109,MEM,108
111751,regular,November 23 2019,MIL,DET,90,MIL,104
112236,regular,November 23 2019,UTA,NOP,120,UTA,128
112763,regular,November 24 2019,DAL,DAL,137,HOU,123
113228,regular,November 24 2019,BRK,BRK,103,NYK,101
113667,regular,November 24 2019,SAC,SAC,113,WAS,106
114083,regular,November 24 2019,DEN,PHO,104,DEN,116
114583,regular,November 24 2019,LAC,NOP,109,LAC,134
115045,regular,November 25 2019,BRK,BRK,108,CLE,106
115496,regular,November 25 2019,DET,ORL,88,DET,103
115929,regular,November 25 2019,IND,MEM,114,IND,126
116451,regular,November 25 2019,MIN,MIN,125,ATL,113
116877,regular,November 25 2019,BOS,SAC,102,BOS,103
117355,regular,November 25 2019,MIA,CHO,100,MIA,117
117806,regular,November 25 2019,TOR,PHI,96,TOR,101
118274,regular,November 25 2019,POR,POR,117,CHI,94
118750,regular,November 25 2019,MIL,UTA,118,MIL,122
119195,regular,November 25 2019,LAL,LAL,114,SAS,104
119629,regular,November 25 2019,OKC,OKC,100,GSW,97
120146,regular,November 26 2019,LAC,LAC,114,DAL,99
120614,regular,November 26 2019,DEN,WAS,104,DEN,117
121105,regular,November 27 2019,BOS,BRK,110,BOS,121
121545,regular,November 27 2019,CHO,DET,101,CHO,102
121989,regular,November 27 2019,ORL,ORL,116,CLE,104
122455,regular,November 27 2019,IND,UTA,102,IND,121
122890,regular,November 27 2019,PHI,SAC,91,PHI,97
123352,regular,November 27 2019,TOR,NYK,98,TOR,126
123816,regular,November 27 2019,HOU,MIA,108,HOU,117
124327,regular,November 27 2019,LAC,LAC,121,MEM,119
124843,regular,November 27 2019,MIL,ATL,102,MIL,111
125309,regular,November 27 2019,MIN,MIN,113,SAS,101
125756,regular,November 27 2019,WAS,WAS,140,PHO,132
126240,regular,November 27 2019,LAL,LAL,114,NOP,110
126726,regular,November 27 2019,POR,OKC,119,POR,136
127195,regular,November 27 2019,GSW,CHI,90,GSW,104
127677,regular,November 29 2019,BRK,BOS,107,BRK,112
128099,regular,November 29 2019,CHO,CHO,110,DET,107
128578,regular,November 29 2019,TOR,TOR,90,ORL,83
129017,regular,November 29 2019,MIL,MIL,119,CLE,110
129522,regular,November 29 2019,PHI,PHI,101,NYK,95
130028,regular,November 29 2019,IND,ATL,104,IND,105
130494,regular,November 29 2019,UTA,UTA,103,MEM,94
130967,regular,November 29 2019,MIA,GSW,105,MIA,122
131408,regular,November 29 2019,OKC,NOP,104,OKC,109
131859,regular,November 29 2019,SAS,LAC,97,SAS,107
132355,regular,November 29 2019,DAL,DAL,120,PHO,113
132843,regular,November 29 2019,POR,CHI,103,POR,107
133315,regular,November 29 2019,LAL,WAS,103,LAL,125
133818,regular,November 30 2019,SAC,DEN,97,SAC,100
134254,regular,November 30 2019,PHI,IND,116,PHI,119
134743,regular,November 30 2019,HOU,ATL,111,HOU,158
135195,regular,November 30 2019,MIL,CHO,96,MIL,137
135671,regular,December 1 2019,MIA,MIA,109,BRK,106
136179,regular,December 1 2019,MEM,MEM,115,MIN,107
136660,regular,December 1 2019,BOS,BOS,113,NYK,104
137119,regular,December 1 2019,DAL,DAL,114,LAL,100
137552,regular,December 1 2019,DET,SAS,98,DET,132
137979,regular,December 1 2019,OKC,OKC,107,NOP,104
138456,regular,December 1 2019,ORL,GSW,96,ORL,100
138932,regular,December 1 2019,TOR,UTA,110,TOR,130
139459,regular,December 1 2019,LAC,WAS,125,LAC,150
139939,regular,December 2 2019,PHO,PHO,109,CHO,104
140421,regular,December 2 2019,PHI,UTA,94,PHI,103
140864,regular,December 2 2019,ATL,GSW,79,ATL,104
141320,regular,December 2 2019,IND,IND,117,MEM,104
141821,regular,December 2 2019,MIL,NYK,88,MIL,132
142261,regular,December 2 2019,CHI,CHI,113,SAC,106
142680,regular,December 3 2019,DET,DET,127,CLE,94
143140,regular,December 3 2019,ORL,ORL,127,WAS,120
143590,regular,December 3 2019,DAL,DAL,118,NOP,97
144096,regular,December 3 2019,MIA,MIA,121,TOR,110
144701,regular,December 3 2019,SAS,HOU,133,SAS,135
145177,regular,December 3 2019,LAL,LAL,105,DEN,96
145645,regular,December 3 2019,LAC,POR,97,LAC,117
146068,regular,December 4 2019,CHO,GSW,91,CHO,106
146553,regular,December 4 2019,MIL,MIL,127,DET,103
146995,regular,December 4 2019,ORL,PHO,114,ORL,128
147474,regular,December 4 2019,BRK,BRK,130,ATL,118
147910,regular,December 4 2019,BOS,MIA,93,BOS,112
148414,regular,December 4 2019,CHI,MEM,99,CHI,106
148833,regular,December 4 2019,IND,IND,107,OKC,100
149307,regular,December 4 2019,DAL,MIN,114,DAL,121
149778,regular,December 4 2019,LAL,LAL,121,UTA,96
150211,regular,December 4 2019,POR,SAC,116,POR,127
150671,regular,December 5 2019,WAS,PHI,113,WAS,119
151107,regular,December 5 2019,DEN,DEN,129,NYK,92
151606,regular,December 5 2019,HOU,HOU,119,TOR,109
152151,regular,December 5 2019,PHO,PHO,139,NOP,132
152590,regular,December 6 2019,BRK,BRK,111,CHO,104
153030,regular,December 6 2019,ORL,ORL,93,CLE,87
153489,regular,December 6 2019,DET,IND,101,DET,108
153924,regular,December 6 2019,BOS,DEN,95,BOS,108
154354,regular,December 6 2019,GSW,GSW,100,CHI,98
154790,regular,December 6 2019,MIA,WAS,103,MIA,112
155301,regular,December 6 2019,OKC,MIN,127,OKC,139
155801,regular,December 6 2019,MIL,LAC,91,MIL,119
156314,regular,December 6 2019,SAS,SAC,104,SAS,105
156796,regular,December 6 2019,LAL,LAL,136,POR,113
157264,regular,December 7 2019,DAL,NOP,84,DAL,130
157707,regular,December 7 2019,IND,IND,104,NYK,103
158151,regular,December 7 2019,PHI,CLE,94,PHI,141
158680,regular,December 7 2019,HOU,PHO,109,HOU,115
159121,regular,December 7 2019,UTA,MEM,112,UTA,126
159578,regular,December 8 2019,BRK,DEN,102,BRK,105
160054,regular,December 8 2019,ATL,ATL,122,CHO,107
160555,regular,December 8 2019,MIA,CHI,105,MIA,110
161018,regular,December 8 2019,PHI,TOR,104,PHI,110
161521,regular,December 8 2019,LAC,LAC,135,WAS,119
161921,regular,December 8 2019,SAC,SAC,110,DAL,106
162436,regular,December 8 2019,OKC,OKC,108,POR,96
162882,regular,December 8 2019,LAL,MIN,125,LAL,142
163397,regular,December 9 2019,LAC,LAC,110,IND,99
163822,regular,December 9 2019,BOS,CLE,88,BOS,110
164292,regular,December 9 2019,TOR,TOR,93,CHI,92
164740,regular,December 9 2019,SAC,SAC,119,HOU,118
165228,regular,December 9 2019,MIL,ORL,101,MIL,110
165714,regular,December 9 2019,DET,DET,105,NOP,103
166192,regular,December 9 2019,PHO,MIN,109,PHO,125
166640,regular,December 9 2019,OKC,OKC,104,UTA,90
167111,regular,December 9 2019,MEM,MEM,110,GSW,102
167600,regular,December 10 2019,CHO,WAS,107,CHO,114
168107,regular,December 10 2019,MIA,ATL,121,MIA,135
168547,regular,December 10 2019,PHI,DEN,92,PHI,97
169021,regular,December 10 2019,POR,NYK,87,POR,115
169429,regular,December 11 2019,HOU,HOU,116,CLE,110
169914,regular,December 11 2019,IND,BOS,117,IND,122
170361,regular,December 11 2019,LAL,LAL,96,ORL,87
170852,regular,December 11 2019,LAC,LAC,112,TOR,92
171350,regular,December 11 2019,CHO,CHO,113,BRK,108
171831,regular,December 11 2019,CHI,ATL,102,CHI,136
172290,regular,December 11 2019,UTA,UTA,127,MIN,116
172785,regular,December 11 2019,MEM,MEM,115,PHO,108
173239,regular,December 11 2019,MIL,NOP,112,MIL,127
173679,regular,December 11 2019,SAC,OKC,93,SAC,94
174222,regular,December 11 2019,NYK,NYK,124,GSW,122
174677,regular,December 12 2019,PHI,PHI,115,BOS,109
175165,regular,December 12 2019,CLE,CLE,117,SAS,109
175626,regular,December 12 2019,DAL,DAL,122,DET,111
176045,regular,December 12 2019,DEN,POR,99,DEN,114
176504,regular,December 13 2019,LAL,LAL,113,MIA,110
176924,regular,December 13 2019,HOU,HOU,130,ORL,107
177435,regular,December 13 2019,PHI,NOP,109,PHI,116
177916,regular,December 13 2019,IND,IND,110,ATL,100
178373,regular,December 13 2019,CHO,CHO,83,CHI,73
178894,regular,December 13 2019,MIL,MIL,127,MEM,114
179374,regular,December 13 2019,UTA,GSW,106,UTA,114
179882,regular,December 13 2019,LAC,LAC,124,MIN,117
180317,regular,December 13 2019,NYK,NYK,103,SAC,101
180883,regular,December 14 2019,SAS,SAS,121,PHO,119
181400,regular,December 14 2019,TOR,BRK,102,TOR,110
181864,regular,December 14 2019,CHI,LAC,106,CHI,109
182349,regular,December 14 2019,MEM,WAS,111,MEM,128
182864,regular,December 14 2019,MIA,MIA,122,DAL,118
183313,regular,December 14 2019,MIL,CLE,108,MIL,125
183774,regular,December 14 2019,DEN,OKC,102,DEN,110
184259,regular,December 14 2019,DET,DET,115,HOU,107
184698,regular,December 15 2019,ORL,ORL,130,NOP,119
185191,regular,December 15 2019,IND,CHO,85,IND,107
185712,regular,December 15 2019,LAL,LAL,101,ATL,96
186185,regular,December 15 2019,BRK,PHI,89,BRK,109
186624,regular,December 15 2019,DEN,NYK,105,DEN,111
187028,regular,December 15 2019,SAC,SAC,100,GSW,79
187501,regular,December 16 2019,WAS,WAS,133,DET,119
187915,regular,December 16 2019,TOR,CLE,113,TOR,133
188411,regular,December 16 2019,HOU,SAS,107,HOU,109
188886,regular,December 16 2019,MEM,MIA,111,MEM,118
189415,regular,December 16 2019,DAL,DAL,120,MIL,116
189851,regular,December 16 2019,OKC,CHI,106,OKC,109
190321,regular,December 16 2019,POR,POR,111,PHO,110
190771,regular,December 17 2019,CHO,SAC,102,CHO,110
191234,regular,December 17 2019,IND,LAL,102,IND,105
191717,regular,December 17 2019,NYK,ATL,120,NYK,143
192241,regular,December 17 2019,BRK,BRK,108,NOP,101
192689,regular,December 17 2019,UTA,ORL,102,UTA,109
193160,regular,December 17 2019,LAC,PHO,99,LAC,120
193612,regular,December 18 2019,CLE,CHO,98,CLE,100
194082,regular,December 18 2019,TOR,TOR,112,DET,99
194518,regular,December 18 2019,MIA,MIA,108,PHI,104
195055,regular,December 18 2019,CHI,CHI,110,WAS,109
195537,regular,December 18 2019,NOP,NOP,107,MIN,99
196003,regular,December 18 2019,OKC,MEM,122,OKC,126
196451,regular,December 18 2019,DEN,ORL,104,DEN,113
196946,regular,December 18 2019,BOS,BOS,109,DAL,103
197461,regular,December 18 2019,POR,GSW,112,POR,122
197958,regular,December 19 2019,UTA,UTA,111,ATL,106
198431,regular,December 19 2019,MIL,LAL,104,MIL,111
198920,regular,December 19 2019,SAS,BRK,105,SAS,118
199390,regular,December 19 2019,HOU,HOU,122,LAC,117
199854,regular,December 20 2019,CLE,MEM,107,CLE,114
200280,regular,December 20 2019,IND,SAC,105,IND,119
200736,regular,December 20 2019,BOS,DET,93,BOS,114
201229,regular,December 20 2019,TOR,WAS,118,TOR,122
201701,regular,December 20 2019,MIA,NYK,114,MIA,129
202173,regular,December 20 2019,OKC,PHO,108,OKC,126
202634,regular,December 20 2019,DAL,DAL,117,PHI,98
203099,regular,December 20 2019,DEN,MIN,100,DEN,109
203598,regular,December 20 2019,POR,ORL,103,POR,118
204087,regular,December 20 2019,GSW,NOP,102,GSW,106
204541,regular,December 21 2019,UTA,UTA,114,CHO,107
205079,regular,December 21 2019,BRK,ATL,112,BRK,122
205501,regular,December 21 2019,CHI,CHI,119,DET,107
205989,regular,December 21 2019,PHI,WAS,108,PHI,125
206500,regular,December 21 2019,MIL,MIL,123,NYK,102
206981,regular,December 21 2019,MEM,SAC,115,MEM,119
207435,regular,December 21 2019,LAC,LAC,134,SAS,109
207886,regular,December 21 2019,HOU,HOU,139,PHO,125
208352,regular,December 21 2019,POR,MIN,106,POR,113
208854,regular,December 22 2019,TOR,DAL,107,TOR,110
209294,regular,December 22 2019,BOS,CHO,93,BOS,119
209761,regular,December 22 2019,MIL,IND,89,MIL,117
210239,regular,December 22 2019,OKC,LAC,112,OKC,118
210709,regular,December 22 2019,DEN,DEN,128,LAL,104
211180,regular,December 23 2019,CLE,ATL,118,CLE,121
211618,regular,December 23 2019,PHI,PHI,125,DET,109
212101,regular,December 23 2019,IND,TOR,115,IND,120
212584,regular,December 23 2019,WAS,WAS,121,NYK,115
213016,regular,December 23 2019,ORL,CHI,95,ORL,103
213485,regular,December 23 2019,MIA,UTA,104,MIA,107
213915,regular,December 23 2019,SAS,SAS,145,MEM,115
214358,regular,December 23 2019,DEN,DEN,113,PHO,111
214815,regular,December 23 2019,NOP,NOP,102,POR,94
215269,regular,December 23 2019,HOU,HOU,113,SAC,104
215769,regular,December 23 2019,GSW,MIN,104,GSW,113
216214,regular,December 25 2019,BOS,BOS,118,TOR,102
216658,regular,December 25 2019,PHI,MIL,109,PHI,121
217144,regular,December 25 2019,GSW,HOU,104,GSW,116
217637,regular,December 25 2019,LAC,LAC,111,LAL,106
218086,regular,December 25 2019,NOP,NOP,112,DEN,100
218562,regular,December 26 2019,DET,WAS,102,DET,132
219042,regular,December 26 2019,NYK,NYK,94,BRK,82
219476,regular,December 26 2019,DAL,SAS,98,DAL,102
219907,regular,December 26 2019,MEM,MEM,110,OKC,97
220484,regular,December 26 2019,MIN,MIN,105,SAC,104
220911,regular,December 26 2019,UTA,POR,115,UTA,121
221366,regular,December 27 2019,BOS,CLE,117,BOS,129
221908,regular,December 27 2019,OKC,OKC,104,CHO,102
222387,regular,December 27 2019,ORL,PHI,97,ORL,98
222854,regular,December 27 2019,MIL,MIL,112,ATL,86
223270,regular,December 27 2019,MIA,IND,112,MIA,113
223738,regular,December 27 2019,GSW,PHO,96,GSW,105
224214,regular,December 28 2019,DEN,MEM,110,DEN,119
224688,regular,December 28 2019,TOR,TOR,113,BOS,97
225148,regular,December 28 2019,NOP,IND,98,NOP,120
225603,regular,December 28 2019,CHI,ATL,81,CHI,116
226092,regular,December 28 2019,HOU,BRK,98,HOU,108
226594,regular,December 28 2019,MIA,PHI,116,MIA,117
227125,regular,December 28 2019,CLE,CLE,94,MIN,88
227640,regular,December 28 2019,NYK,NYK,107,WAS,100
228090,regular,December 28 2019,DAL,DAL,141,GSW,121
228544,regular,December 28 2019,MIL,ORL,100,MIL,111
229000,regular,December 28 2019,SAS,DET,109,SAS,136
229446,regular,December 28 2019,PHO,PHO,112,SAC,110
229926,regular,December 28 2019,LAL,LAL,128,POR,120
230392,regular,December 28 2019,UTA,UTA,120,LAC,107
230820,regular,December 29 2019,OKC,OKC,98,TOR,97
231267,regular,December 29 2019,DEN,SAC,115,DEN,120
231754,regular,December 29 2019,MEM,CHO,104,MEM,117
232190,regular,December 29 2019,NOP,HOU,112,NOP,127
232658,regular,December 29 2019,LAL,DAL,95,LAL,108
233128,regular,December 30 2019,ATL,ATL,101,ORL,93
233599,regular,December 30 2019,WAS,MIA,105,WAS,123
234079,regular,December 30 2019,MIL,MIL,123,CHI,102
234629,regular,December 30 2019,MIN,BRK,115,MIN,122
235079,regular,December 30 2019,UTA,DET,81,UTA,104
235541,regular,December 30 2019,PHO,PHO,122,POR,116
235994,regular,December 31 2019,BOS,BOS,109,CHO,92
236445,regular,December 31 2019,IND,PHI,97,IND,115
236898,regular,December 31 2019,LAC,LAC,105,SAC,87
237371,regular,December 31 2019,HOU,DEN,104,HOU,130
237846,regular,December 31 2019,SAS,GSW,113,SAS,117
238289,regular,December 31 2019,TOR,CLE,97,TOR,117
238796,regular,December 31 2019,OKC,DAL,101,OKC,106
239286,regular,January 1 2020,ORL,ORL,122,WAS,101
239730,regular,January 1 2020,NYK,POR,93,NYK,117
240253,regular,January 1 2020,MIL,MIN,104,MIL,106
240743,regular,January 1 2020,LAL,PHO,107,LAL,117
241175,regular,January 2 2020,CHO,CHO,109,CLE,106
241615,regular,January 2 2020,DEN,DEN,124,IND,116
242042,regular,January 2 2020,MIA,TOR,76,MIA,84
242491,regular,January 2 2020,UTA,UTA,102,CHI,98
242955,regular,January 2 2020,MIN,GSW,84,MIN,99
243414,regular,January 2 2020,DAL,BRK,111,DAL,123
243850,regular,January 2 2020,OKC,OKC,109,SAS,103
244339,regular,January 2 2020,SAC,MEM,123,SAC,128
244827,regular,January 2 2020,LAC,DET,112,LAC,126
245310,regular,January 3 2020,BOS,ATL,106,BOS,109
245757,regular,January 3 2020,ORL,MIA,85,ORL,105
246247,regular,January 3 2020,POR,POR,122,WAS,103
246724,regular,January 3 2020,HOU,PHI,108,HOU,118
247241,regular,January 3 2020,PHO,NYK,112,PHO,120
247683,regular,January 3 2020,LAL,NOP,113,LAL,123
248174,regular,January 4 2020,MEM,MEM,140,LAC,114
248667,regular,January 4 2020,TOR,TOR,121,BRK,102
249093,regular,January 4 2020,UTA,UTA,109,ORL,96
249581,regular,January 4 2020,ATL,IND,111,ATL,116
250055,regular,January 4 2020,OKC,OKC,121,CLE,106
250514,regular,January 4 2020,BOS,BOS,111,CHI,104
250994,regular,January 4 2020,WAS,DEN,114,WAS,128
251495,regular,January 4 2020,CHO,CHO,123,DAL,120
251949,regular,January 4 2020,DET,DET,111,GSW,104
252441,regular,January 4 2020,MIL,SAS,118,MIL,127
252964,regular,January 4 2020,NOP,NOP,117,SAC,115
253458,regular,January 5 2020,LAC,NYK,132,LAC,135
253887,regular,January 5 2020,MIA,POR,111,MIA,122
254335,regular,January 5 2020,MIN,MIN,118,CLE,103
254797,regular,January 5 2020,MEM,MEM,121,PHO,114
255281,regular,January 5 2020,LAL,DET,99,LAL,106
255702,regular,January 6 2020,IND,IND,115,CHO,104
256189,regular,January 6 2020,ORL,BRK,89,ORL,101
256679,regular,January 6 2020,PHI,OKC,113,PHI,120
257164,regular,January 6 2020,WAS,BOS,94,WAS,99
257629,regular,January 6 2020,DEN,DEN,123,ATL,115
258100,regular,January 6 2020,UTA,UTA,128,NOP,126
258534,regular,January 6 2020,DAL,CHI,110,DAL,118
258991,regular,January 6 2020,SAS,MIL,104,SAS,126
259476,regular,January 6 2020,SAC,GSW,98,SAC,111
259924,regular,January 7 2020,DET,DET,115,CLE,113
260391,regular,January 7 2020,POR,POR,101,TOR,99
260901,regular,January 7 2020,OKC,OKC,111,BRK,103
261367,regular,January 7 2020,MEM,MIN,112,MEM,119
261837,regular,January 7 2020,SAC,SAC,114,PHO,103
262299,regular,January 7 2020,LAL,NYK,87,LAL,117
262774,regular,January 8 2020,SAS,SAS,129,BOS,114
263271,regular,January 8 2020,TOR,TOR,112,CHO,110
263703,regular,January 8 2020,MIA,MIA,122,IND,108
264174,regular,January 8 2020,ORL,WAS,89,ORL,123
264719,regular,January 8 2020,HOU,HOU,122,ATL,115
265150,regular,January 8 2020,DEN,DEN,107,DAL,106
265624,regular,January 8 2020,NOP,CHI,108,NOP,123
266061,regular,January 8 2020,UTA,NYK,104,UTA,128
266560,regular,January 8 2020,MIL,MIL,107,GSW,98
267048,regular,January 9 2020,CLE,CLE,115,DET,112
267474,regular,January 9 2020,PHI,BOS,98,PHI,109
267967,regular,January 9 2020,MIN,POR,102,MIN,116
268408,regular,January 9 2020,OKC,HOU,92,OKC,113
268949,regular,January 10 2020,WAS,ATL,101,WAS,111
269405,regular,January 10 2020,NOP,NOP,123,NYK,111
269846,regular,January 10 2020,BRK,MIA,113,BRK,117
270252,regular,January 10 2020,IND,IND,116,CHI,105
270704,regular,January 10 2020,MEM,SAS,121,MEM,134
271174,regular,January 10 2020,PHO,ORL,94,PHO,98
271578,regular,January 10 2020,UTA,CHO,92,UTA,109
272096,regular,January 10 2020,LAL,LAL,129,DAL,114
272580,regular,January 10 2020,MIL,MIL,127,SAC,106
273075,regular,January 10 2020,LAC,GSW,100,LAC,109
273606,regular,January 11 2020,HOU,MIN,109,HOU,139
274072,regular,January 11 2020,BOS,NOP,105,BOS,140
274517,regular,January 11 2020,CHI,CHI,108,DET,99
274959,regular,January 11 2020,LAL,LAL,125,OKC,110
275423,regular,January 11 2020,DAL,PHI,91,DAL,109
275860,regular,January 11 2020,CLE,CLE,111,DEN,103
276351,regular,January 11 2020,MIL,MIL,122,POR,101
276811,regular,January 12 2020,NYK,MIA,121,NYK,124
277251,regular,January 12 2020,UTA,UTA,127,WAS,116
277733,regular,January 12 2020,BRK,ATL,86,BRK,108
278234,regular,January 12 2020,MEM,GSW,102,MEM,122
278699,regular,January 12 2020,SAS,SAS,105,TOR,104
279187,regular,January 12 2020,DEN,LAC,104,DEN,114
279635,regular,January 12 2020,PHO,CHO,92,PHO,100
280160,regular,January 13 2020,NOP,NOP,117,DET,110
280622,regular,January 13 2020,IND,PHI,95,IND,101
281079,regular,January 13 2020,BOS,CHI,101,BOS,113
281530,regular,January 13 2020,OKC,OKC,117,MIN,104
281965,regular,January 13 2020,POR,CHO,112,POR,115
282410,regular,January 13 2020,ORL,ORL,114,SAC,112
282886,regular,January 13 2020,LAL,CLE,99,LAL,128
283378,regular,January 14 2020,ATL,PHO,110,ATL,123
283803,regular,January 14 2020,UTA,UTA,118,BRK,107
284253,regular,January 14 2020,MEM,HOU,110,MEM,121
284769,regular,January 14 2020,MIL,NYK,102,MIL,128
285205,regular,January 14 2020,DAL,DAL,124,GSW,97
285647,regular,January 14 2020,LAC,CLE,103,LAC,128
286066,regular,January 15 2020,DET,DET,116,BOS,103
286544,regular,January 15 2020,PHI,BRK,106,PHI,117
286971,regular,January 15 2020,MIA,SAS,100,MIA,106
287418,regular,January 15 2020,CHI,WAS,106,CHI,115
287847,regular,January 15 2020,IND,IND,104,MIN,99
288284,regular,January 15 2020,TOR,TOR,130,OKC,121
288736,regular,January 15 2020,DEN,CHO,86,DEN,100
289224,regular,January 15 2020,POR,POR,117,HOU,107
289690,regular,January 15 2020,DAL,DAL,127,SAC,123
290173,regular,January 15 2020,ORL,ORL,119,LAL,118
290653,regular,January 16 2020,PHO,PHO,121,NYK,98
291165,regular,January 16 2020,MIL,BOS,123,MIL,128
291698,regular,January 16 2020,NOP,UTA,132,NOP,138
292231,regular,January 16 2020,DEN,DEN,134,GSW,131
292696,regular,January 16 2020,LAC,ORL,95,LAC,122
293141,regular,January 17 2020,IND,MIN,114,IND,116
293544,regular,January 17 2020,PHI,CHI,89,PHI,100
294011,regular,January 17 2020,TOR,WAS,111,TOR,140
294484,regular,January 17 2020,MEM,CLE,109,MEM,113
294924,regular,January 17 2020,MIA,MIA,115,OKC,108
295412,regular,January 17 2020,ATL,ATL,121,SAS,120
295868,regular,January 17 2020,DAL,POR,112,DAL,120
296397,regular,January 18 2020,LAC,LAC,133,NOP,130
296874,regular,January 18 2020,MIL,MIL,117,BRK,97
297359,regular,January 18 2020,PHO,PHO,123,BOS,119
297816,regular,January 18 2020,DET,DET,136,ATL,103
298265,regular,January 18 2020,PHI,PHI,90,NYK,87
298712,regular,January 18 2020,CHI,CLE,116,CHI,118
299190,regular,January 18 2020,TOR,TOR,122,MIN,112
299611,regular,January 18 2020,GSW,ORL,95,GSW,109
300131,regular,January 18 2020,LAL,LAL,124,HOU,115
300615,regular,January 18 2020,OKC,POR,106,OKC,119
301044,regular,January 18 2020,UTA,SAC,101,UTA,123
301490,regular,January 19 2020,SAS,MIA,102,SAS,107
301952,regular,January 19 2020,IND,IND,115,DEN,107
302404,regular,January 20 2020,WAS,DET,100,WAS,106
302947,regular,January 20 2020,TOR,TOR,122,ATL,117
303451,regular,January 20 2020,PHI,PHI,117,BRK,111
303884,regular,January 20 2020,ORL,ORL,106,CHO,83
304327,regular,January 20 2020,NYK,NYK,106,CLE,86
304809,regular,January 20 2020,OKC,OKC,112,HOU,107
305287,regular,January 20 2020,NOP,NOP,126,MEM,116
305802,regular,January 20 2020,MIA,SAC,113,MIA,118
306278,regular,January 20 2020,MIL,CHI,98,MIL,111
306775,regular,January 20 2020,BOS,LAL,107,BOS,139
307205,regular,January 20 2020,DEN,DEN,107,MIN,100
307652,regular,January 20 2020,SAS,SAS,120,PHO,118
308074,regular,January 20 2020,UTA,IND,88,UTA,118
308611,regular,January 20 2020,POR,GSW,124,POR,129
309137,regular,January 21 2020,LAC,LAC,110,DAL,107
309635,regular,January 22 2020,DET,SAC,106,DET,127
310067,regular,January 22 2020,OKC,OKC,120,ORL,114
310517,regular,January 22 2020,TOR,PHI,95,TOR,107
311050,regular,January 22 2020,ATL,LAC,95,ATL,102
311476,regular,January 22 2020,BOS,MEM,95,BOS,119
311976,regular,January 22 2020,MIA,WAS,129,MIA,134
312425,regular,January 22 2020,LAL,LAL,100,NYK,92
312914,regular,January 22 2020,CHI,MIN,110,CHI,117
313380,regular,January 22 2020,HOU,DEN,105,HOU,121
313828,regular,January 22 2020,IND,IND,112,PHO,87
314291,regular,January 22 2020,SAS,SAS,121,NOP,117
314755,regular,January 22 2020,UTA,UTA,129,GSW,96
315189,regular,January 23 2020,WAS,WAS,124,CLE,112
315650,regular,January 23 2020,LAL,LAL,128,BRK,113
316098,regular,January 23 2020,DAL,DAL,133,POR,125
316591,regular,January 24 2020,MIL,MIL,116,CHO,103
317052,regular,January 24 2020,MEM,MEM,125,DET,112
317494,regular,January 24 2020,BOS,BOS,109,ORL,98
317914,regular,January 24 2020,TOR,TOR,118,NYK,112
318364,regular,January 24 2020,SAC,SAC,98,CHI,81
318844,regular,January 24 2020,LAC,LAC,122,MIA,117
319325,regular,January 24 2020,HOU,HOU,131,MIN,124
319825,regular,January 24 2020,DEN,DEN,113,NOP,106
320304,regular,January 24 2020,OKC,ATL,111,OKC,140
320769,regular,January 24 2020,PHO,PHO,103,SAS,99
321189,regular,January 24 2020,IND,IND,129,GSW,118
321672,regular,January 25 2020,UTA,DAL,107,UTA,112
322161,regular,January 25 2020,BRK,BRK,121,DET,111
322581,regular,January 25 2020,CHI,CHI,118,CLE,106
323029,regular,January 25 2020,OKC,OKC,113,MIN,104
323467,regular,January 25 2020,PHI,LAL,91,PHI,108
323942,regular,January 26 2020,DEN,HOU,110,DEN,117
324409,regular,January 26 2020,TOR,TOR,110,SAS,106
324926,regular,January 26 2020,ATL,WAS,133,ATL,152
325448,regular,January 26 2020,MEM,PHO,109,MEM,114
325937,regular,January 26 2020,NOP,BOS,108,NOP,123
326392,regular,January 26 2020,NYK,BRK,97,NYK,110
326897,regular,January 26 2020,LAC,LAC,112,ORL,97
327334,regular,January 26 2020,POR,IND,129,POR,139
327789,regular,January 27 2020,CLE,CLE,115,DET,100
328204,regular,January 27 2020,MIA,ORL,92,MIA,113
328677,regular,January 27 2020,CHI,SAS,109,CHI,110
329226,regular,January 27 2020,SAC,SAC,133,MIN,129
329668,regular,January 27 2020,DAL,DAL,107,OKC,97
330178,regular,January 27 2020,HOU,HOU,126,UTA,117
330655,regular,January 28 2020,CHO,NYK,92,CHO,97
331126,regular,January 28 2020,PHI,GSW,104,PHI,115
331591,regular,January 28 2020,NOP,NOP,125,CLE,111
332091,regular,January 28 2020,TOR,ATL,114,TOR,130
332534,regular,January 28 2020,MEM,DEN,96,MEM,104
333004,regular,January 28 2020,BOS,BOS,109,MIA,101
333509,regular,January 28 2020,MIL,WAS,131,MIL,151
333960,regular,January 28 2020,PHO,PHO,133,DAL,104
334408,regular,January 29 2020,IND,CHI,106,IND,115
334868,regular,January 29 2020,BRK,DET,115,BRK,125
335372,regular,January 29 2020,MEM,MEM,127,NYK,106
335867,regular,January 29 2020,SAS,UTA,120,SAS,127
336354,regular,January 29 2020,POR,HOU,112,POR,125
336803,regular,January 29 2020,OKC,OKC,120,SAC,100
337256,regular,January 30 2020,TOR,TOR,115,CLE,109
337734,regular,January 30 2020,WAS,CHO,107,WAS,121
338240,regular,January 30 2020,ATL,PHI,117,ATL,127
338706,regular,January 30 2020,BOS,GSW,104,BOS,119
339131,regular,January 30 2020,DEN,UTA,100,DEN,106
339608,regular,January 30 2020,SAC,SAC,124,LAC,103
340056,regular,January 31 2020,TOR,TOR,105,DET,92
340502,regular,January 31 2020,BRK,CHI,118,BRK,133
340980,regular,January 31 2020,HOU,DAL,121,HOU,128
341468,regular,January 31 2020,NOP,MEM,111,NOP,139
341948,regular,January 31 2020,DEN,DEN,127,MIL,115
342429,regular,January 31 2020,OKC,OKC,111,PHO,107
342923,regular,January 31 2020,POR,POR,127,LAL,119
343426,regular,February 1 2020,LAC,MIN,106,LAC,118
343862,regular,February 1 2020,NYK,NYK,92,IND,85
344284,regular,February 1 2020,MIA,MIA,102,ORL,89
344720,regular,February 1 2020,GSW,GSW,131,CLE,112
345226,regular,February 1 2020,WAS,BRK,107,WAS,113
345719,regular,February 1 2020,BOS,PHI,95,BOS,116
346176,regular,February 1 2020,DAL,ATL,100,DAL,123
346604,regular,February 1 2020,SAS,CHO,90,SAS,114
347081,regular,February 1 2020,LAL,LAL,129,SAC,113
347531,regular,February 1 2020,POR,UTA,107,POR,124
348003,regular,February 2 2020,DET,DEN,123,DET,128
348491,regular,February 2 2020,HOU,NOP,109,HOU,117
349026,regular,February 2 2020,MIL,PHO,108,MIL,129
349490,regular,February 2 2020,TOR,CHI,102,TOR,129
349895,regular,February 3 2020,ORL,ORL,112,CHO,100
350364,regular,February 3 2020,NYK,NYK,139,CLE,134
350797,regular,February 3 2020,DAL,DAL,112,IND,103
351270,regular,February 3 2020,GSW,GSW,125,WAS,117
351716,regular,February 3 2020,BOS,BOS,123,ATL,115
352195,regular,February 3 2020,BRK,PHO,97,BRK,119
352630,regular,February 3 2020,MIA,PHI,106,MIA,137
353084,regular,February 3 2020,MEM,DET,82,MEM,96
353555,regular,February 3 2020,SAC,MIN,109,SAC,113
354011,regular,February 3 2020,LAC,SAS,105,LAC,108
354514,regular,February 4 2020,MIL,MIL,120,NOP,108
354977,regular,February 4 2020,HOU,CHO,110,HOU,125
355440,regular,February 4 2020,DEN,POR,99,DEN,127
355864,regular,February 4 2020,LAL,SAS,102,LAL,129
356270,regular,February 5 2020,DET,PHO,108,DET,116
356709,regular,February 5 2020,BOS,ORL,100,BOS,116
357170,regular,February 5 2020,BRK,GSW,88,BRK,129
357586,regular,February 5 2020,TOR,IND,118,TOR,119
358055,regular,February 5 2020,ATL,ATL,127,MIN,120
358510,regular,February 5 2020,OKC,CLE,103,OKC,109
358979,regular,February 5 2020,MEM,MEM,121,DAL,107
359421,regular,February 5 2020,DEN,DEN,98,UTA,95
359875,regular,February 5 2020,LAC,MIA,111,LAC,128
360333,regular,February 6 2020,NYK,ORL,103,NYK,105
360793,regular,February 6 2020,NOP,NOP,125,CHI,119
361280,regular,February 6 2020,MIL,PHI,101,MIL,112
361702,regular,February 6 2020,POR,SAS,117,POR,125
362146,regular,February 6 2020,HOU,HOU,121,LAL,111
362636,regular,February 7 2020,PHI,MEM,107,PHI,119
363093,regular,February 7 2020,WAS,DAL,118,WAS,119
363568,regular,February 7 2020,BOS,ATL,107,BOS,112
364017,regular,February 7 2020,TOR,TOR,115,IND,106
364473,regular,February 7 2020,OKC,DET,101,OKC,108
364914,regular,February 7 2020,PHO,HOU,91,PHO,127
365352,regular,February 7 2020,SAC,MIA,97,SAC,105
365823,regular,February 7 2020,UTA,POR,114,UTA,117
366291,regular,February 8 2020,MIL,MIL,111,ORL,95
366710,regular,February 8 2020,DAL,DAL,116,CHO,100
367125,regular,February 8 2020,NYK,NYK,95,DET,92
367597,regular,February 8 2020,NOP,NOP,124,IND,117
368051,regular,February 8 2020,TOR,BRK,118,TOR,119
368507,regular,February 8 2020,MIN,LAC,115,MIN,142
369003,regular,February 8 2020,LAL,LAL,125,GSW,120
369446,regular,February 8 2020,DEN,DEN,117,PHO,108
369872,regular,February 8 2020,SAC,SAS,102,SAC,122
370350,regular,February 9 2020,BOS,BOS,112,OKC,111
370932,regular,February 9 2020,ATL,NYK,135,ATL,140
371408,regular,February 9 2020,PHI,CHI,111,PHI,118
371939,regular,February 9 2020,MEM,MEM,106,WAS,99
372390,regular,February 9 2020,UTA,UTA,114,HOU,113
372862,regular,February 9 2020,LAC,LAC,133,CLE,92
373319,regular,February 9 2020,POR,MIA,109,POR,115
373761,regular,February 10 2020,CHO,CHO,87,DET,76
374212,regular,February 10 2020,BRK,BRK,106,IND,105
374647,regular,February 10 2020,ORL,ATL,126,ORL,135
375127,regular,February 10 2020,TOR,MIN,126,TOR,137
375632,regular,February 10 2020,MIL,SAC,111,MIL,123
376071,regular,February 10 2020,UTA,UTA,123,DAL,119
376501,regular,February 10 2020,DEN,SAS,120,DEN,127
376960,regular,February 10 2020,MIA,MIA,113,GSW,101
377425,regular,February 10 2020,LAL,PHO,100,LAL,125
377881,regular,February 11 2020,PHI,LAC,103,PHI,110
378342,regular,February 11 2020,WAS,CHI,114,WAS,126
378820,regular,February 11 2020,NOP,POR,117,NOP,138
379274,regular,February 11 2020,SAS,SAS,114,OKC,106
379761,regular,February 11 2020,HOU,BOS,105,HOU,116
380245,regular,February 12 2020,CLE,ATL,105,CLE,127
380724,regular,February 12 2020,ORL,DET,112,ORL,116
381193,regular,February 12 2020,BRK,TOR,91,BRK,101
381676,regular,February 12 2020,IND,MIL,111,IND,118
382188,regular,February 12 2020,WAS,WAS,114,NYK,96
382670,regular,February 12 2020,MEM,POR,104,MEM,111
383167,regular,February 12 2020,CHO,CHO,115,MIN,108
383626,regular,February 12 2020,DAL,SAC,111,DAL,130
384069,regular,February 12 2020,PHO,GSW,106,PHO,112
384516,regular,February 12 2020,UTA,MIA,101,UTA,116
385004,regular,February 12 2020,LAL,LAL,120,DEN,116
385608,regular,February 13 2020,BOS,LAC,133,BOS,141
386073,regular,February 13 2020,OKC,OKC,123,NOP,118
386527,regular,February 20 2020,MIL,MIL,126,DET,106
387062,regular,February 20 2020,ATL,MIA,124,ATL,129
387515,regular,February 20 2020,CHO,CHO,103,CHI,93
388055,regular,February 20 2020,PHI,BRK,104,PHI,112
388564,regular,February 20 2020,SAC,MEM,125,SAC,129
388999,regular,February 20 2020,HOU,HOU,135,GSW,105
389467,regular,February 21 2020,DAL,DAL,122,ORL,106
389967,regular,February 21 2020,CLE,CLE,113,WAS,108
390458,regular,February 21 2020,IND,IND,106,NYK,98
390935,regular,February 21 2020,TOR,PHO,101,TOR,118
391448,regular,February 21 2020,BOS,BOS,127,MIN,117
391896,regular,February 21 2020,OKC,DEN,101,OKC,113
392356,regular,February 21 2020,SAS,SAS,113,UTA,104
392896,regular,February 21 2020,LAL,MEM,105,LAL,117
393384,regular,February 21 2020,NOP,NOP,128,POR,115
393878,regular,February 22 2020,SAC,SAC,112,LAC,103
394332,regular,February 22 2020,BRK,BRK,115,CHO,86
394825,regular,February 22 2020,ATL,DAL,107,ATL,111
395325,regular,February 22 2020,PHO,PHO,112,CHI,104
395748,regular,February 22 2020,MIA,CLE,105,MIA,124
396222,regular,February 22 2020,MIL,PHI,98,MIL,119
396674,regular,February 22 2020,HOU,HOU,120,UTA,110
397179,regular,February 23 2020,LAL,BOS,112,LAL,114
397658,regular,February 23 2020,DEN,MIN,116,DEN,128
398125,regular,February 23 2020,TOR,IND,81,TOR,127
398614,regular,February 23 2020,CHI,WAS,117,CHI,126
399090,regular,February 23 2020,OKC,SAS,103,OKC,131
399547,regular,February 23 2020,NOP,NOP,115,GSW,101
399971,regular,February 23 2020,POR,DET,104,POR,107
400498,regular,February 24 2020,CLE,MIA,119,CLE,125
400991,regular,February 24 2020,PHI,ATL,112,PHI,129
401521,regular,February 24 2020,MIL,MIL,137,WAS,134
401955,regular,February 24 2020,ORL,ORL,115,BRK,113
402441,regular,February 24 2020,HOU,NYK,112,HOU,123
402961,regular,February 24 2020,DAL,MIN,123,DAL,139
403434,regular,February 24 2020,PHO,PHO,131,UTA,111
403891,regular,February 24 2020,LAC,MEM,97,LAC,124
404330,regular,February 25 2020,IND,CHO,80,IND,119
404842,regular,February 25 2020,MIL,MIL,108,TOR,97
405291,regular,February 25 2020,OKC,OKC,124,CHI,122
405736,regular,February 25 2020,DEN,DET,98,DEN,115
406240,regular,February 25 2020,LAL,NOP,109,LAL,118
406689,regular,February 25 2020,BOS,BOS,118,POR,106
407140,regular,February 25 2020,SAC,SAC,112,GSW,94
407588,regular,February 26 2020,CHO,NYK,101,CHO,107
408003,regular,February 26 2020,CLE,PHI,94,CLE,108
408512,regular,February 26 2020,WAS,BRK,106,WAS,110
408991,regular,February 26 2020,ORL,ORL,130,ATL,120
409507,regular,February 26 2020,MIN,MIN,129,MIA,126
410001,regular,February 26 2020,HOU,MEM,112,HOU,140
410492,regular,February 26 2020,DAL,DAL,109,SAS,103
410944,regular,February 26 2020,LAC,LAC,102,PHO,92
411352,regular,February 26 2020,BOS,BOS,114,UTA,103
411769,regular,February 27 2020,PHI,NYK,106,PHI,115
412218,regular,February 27 2020,IND,POR,100,IND,106
412696,regular,February 27 2020,OKC,SAC,108,OKC,112
413159,regular,February 27 2020,LAL,LAL,116,GSW,86
413639,regular,February 28 2020,ORL,MIN,125,ORL,136
414119,regular,February 28 2020,ATL,BRK,118,ATL,141
414616,regular,February 28 2020,CHO,CHO,99,TOR,96
415084,regular,February 28 2020,SAC,SAC,104,MEM,101
415541,regular,February 28 2020,MIA,DAL,118,MIA,126
416022,regular,February 28 2020,MIL,OKC,86,MIL,133
416456,regular,February 28 2020,NOP,CLE,104,NOP,116
416872,regular,February 28 2020,DET,DET,113,PHO,111
417359,regular,February 28 2020,UTA,WAS,119,UTA,129
417802,regular,February 28 2020,LAC,DEN,103,LAC,132
418267,regular,February 29 2020,NYK,CHI,115,NYK,125
418737,regular,February 29 2020,ATL,POR,117,ATL,129
419214,regular,February 29 2020,MIA,BRK,113,MIA,116
419634,regular,February 29 2020,IND,IND,113,CLE,104
420070,regular,February 29 2020,MEM,LAL,88,MEM,105
420583,regular,February 29 2020,HOU,HOU,111,BOS,110
421030,regular,February 29 2020,SAS,ORL,113,SAS,114
421512,regular,February 29 2020,GSW,GSW,115,PHO,99
421978,regular,March 1 2020,MIL,MIL,93,CHO,85
422438,regular,March 1 2020,LAC,PHI,130,LAC,136
422942,regular,March 1 2020,DAL,DAL,111,MIN,91
423411,regular,March 1 2020,DEN,TOR,118,DEN,133
423881,regular,March 1 2020,SAC,DET,100,SAC,106
424369,regular,March 1 2020,LAL,LAL,122,NOP,114
424849,regular,March 1 2020,WAS,WAS,124,GSW,110
425265,regular,March 2 2020,UTA,UTA,126,CLE,113
425768,regular,March 2 2020,NYK,HOU,123,NYK,125
426219,regular,March 2 2020,POR,POR,130,ORL,107
426723,regular,March 2 2020,MEM,MEM,127,ATL,88
427175,regular,March 2 2020,MIA,MIL,89,MIA,105
427644,regular,March 2 2020,CHI,DAL,107,CHI,109
428064,regular,March 2 2020,IND,IND,116,SAS,111
428485,regular,March 3 2020,SAS,SAS,104,CHO,103
429051,regular,March 3 2020,BRK,BRK,129,BOS,120
429542,regular,March 3 2020,MIN,MIN,139,NOP,134
430021,regular,March 3 2020,LAC,LAC,109,OKC,94
430491,regular,March 3 2020,GSW,GSW,116,DEN,100
430968,regular,March 3 2020,TOR,TOR,123,PHO,114
431406,regular,March 3 2020,LAL,PHI,107,LAL,120
431874,regular,March 3 2020,SAC,WAS,126,SAC,133
432317,regular,March 4 2020,BOS,BOS,112,CLE,106
432735,regular,March 4 2020,OKC,OKC,114,DET,107
433216,regular,March 4 2020,MIL,IND,100,MIL,119
433684,regular,March 4 2020,MEM,MEM,118,BRK,79
434089,regular,March 4 2020,MIA,ORL,113,MIA,116
434518,regular,March 4 2020,UTA,UTA,112,NYK,104
434970,regular,March 4 2020,MIN,CHI,108,MIN,115
435494,regular,March 4 2020,DAL,NOP,123,DAL,127
435989,regular,March 4 2020,POR,WAS,104,POR,125
436438,regular,March 5 2020,DEN,DEN,114,CHO,112
436958,regular,March 5 2020,LAC,LAC,120,HOU,105
437399,regular,March 5 2020,PHI,PHI,125,SAC,108
437899,regular,March 5 2020,TOR,TOR,121,GSW,113
438350,regular,March 6 2020,WAS,ATL,112,WAS,118
438823,regular,March 6 2020,BRK,SAS,120,BRK,139
439282,regular,March 6 2020,OKC,OKC,126,NYK,103
439723,regular,March 6 2020,UTA,UTA,99,BOS,94
440196,regular,March 6 2020,IND,IND,108,CHI,102
440655,regular,March 6 2020,ORL,ORL,132,MIN,118
441168,regular,March 6 2020,NOP,MIA,104,NOP,110
441601,regular,March 6 2020,DAL,MEM,96,DAL,121
442064,regular,March 6 2020,PHO,POR,117,PHO,127
442610,regular,March 6 2020,LAL,MIL,103,LAL,113
443026,regular,March 7 2020,CHO,HOU,99,CHO,108
443467,regular,March 7 2020,UTA,UTA,111,DET,105
443875,regular,March 7 2020,CLE,DEN,102,CLE,104
444401,regular,March 7 2020,MEM,ATL,101,MEM,118
444836,regular,March 7 2020,GSW,PHI,114,GSW,118
445299,regular,March 7 2020,SAC,SAC,123,POR,111
445801,regular,March 8 2020,BRK,CHI,107,BRK,110
446314,regular,March 8 2020,LAL,LAL,112,LAC,103
446837,regular,March 8 2020,NOP,NOP,120,MIN,107
447318,regular,March 8 2020,OKC,OKC,105,BOS,104
447795,regular,March 8 2020,PHO,MIL,131,PHO,140
448254,regular,March 8 2020,IND,IND,112,DAL,109
448741,regular,March 8 2020,ORL,ORL,126,HOU,106
449189,regular,March 8 2020,MIA,MIA,100,WAS,89
449760,regular,March 8 2020,CLE,SAS,129,CLE,132
450201,regular,March 8 2020,NYK,DET,84,NYK,96
450659,regular,March 8 2020,TOR,TOR,118,SAC,113
451198,regular,March 9 2020,ATL,CHO,138,ATL,143
451671,regular,March 9 2020,DEN,MIL,95,DEN,109
452110,regular,March 9 2020,TOR,TOR,101,UTA,92
452560,regular,March 10 2020,BOS,BOS,114,IND,111
453061,regular,March 10 2020,WAS,NYK,115,WAS,122
453505,regular,March 10 2020,CHI,CLE,103,CHI,108
453957,regular,March 10 2020,HOU,MIN,111,HOU,117
454451,regular,March 10 2020,ORL,ORL,120,MEM,115
454881,regular,March 10 2020,SAS,DAL,109,SAS,119
455313,regular,March 10 2020,POR,PHO,105,POR,121
455746,regular,March 10 2020,LAC,LAC,131,GSW,107
456210,regular,March 10 2020,BRK,BRK,104,LAL,102
456663,regular,March 11 2020,PHI,DET,106,PHI,124
457196,regular,March 11 2020,NYK,NYK,136,ATL,131
457613,regular,March 11 2020,CHO,CHO,109,MIA,98
458042,regular,March 11 2020,DAL,DEN,97,DAL,113
458535,regular,July 30 2020,UTA,UTA,106,NOP,104
459039,regular,July 30 2020,LAL,LAC,101,LAL,103
459509,regular,July 31 2020,ORL,ORL,128,BRK,118
460058,regular,July 31 2020,POR,MEM,135,POR,140
460528,regular,July 31 2020,PHO,PHO,125,WAS,112
461052,regular,July 31 2020,MIL,BOS,112,MIL,119
461533,regular,July 31 2020,SAS,SAC,120,SAS,129
462112,regular,July 31 2020,HOU,HOU,153,DAL,149
462608,regular,August 1 2020,MIA,MIA,125,DEN,105
463073,regular,August 1 2020,OKC,UTA,94,OKC,110
463557,regular,August 1 2020,LAC,NOP,103,LAC,126
464058,regular,August 1 2020,IND,PHI,121,IND,127
464565,regular,August 1 2020,TOR,LAL,92,TOR,107
465060,regular,August 2 2020,BRK,WAS,110,BRK,118
465505,regular,August 2 2020,BOS,POR,124,BOS,128
466001,regular,August 2 2020,SAS,SAS,108,MEM,106
466482,regular,August 2 2020,ORL,SAC,116,ORL,132
466991,regular,August 2 2020,HOU,MIL,116,HOU,120
467496,regular,August 2 2020,PHO,DAL,115,PHO,117
467946,regular,August 3 2020,TOR,TOR,107,MIA,103
468486,regular,August 3 2020,DEN,DEN,121,OKC,113
468926,regular,August 3 2020,IND,IND,111,WAS,100
469423,regular,August 3 2020,NOP,MEM,99,NOP,109
469923,regular,August 3 2020,PHI,SAS,130,PHI,132
470407,regular,August 3 2020,LAL,LAL,116,UTA,108
470916,regular,August 4 2020,BRK,BRK,119,MIL,116
471468,regular,August 4 2020,DAL,DAL,114,SAC,110
471911,regular,August 4 2020,PHO,PHO,117,LAC,115
472338,regular,August 4 2020,IND,ORL,109,IND,120
472825,regular,August 4 2020,MIA,BOS,106,MIA,112
473314,regular,August 4 2020,POR,HOU,102,POR,110
473812,regular,August 5 2020,UTA,MEM,115,UTA,124
474278,regular,August 5 2020,DEN,DEN,132,SAS,126
474757,regular,August 5 2020,PHI,PHI,107,WAS,98
475265,regular,August 5 2020,OKC,OKC,105,LAL,86
475736,regular,August 5 2020,TOR,TOR,109,ORL,99
476206,regular,August 5 2020,BOS,BRK,115,BOS,149
476667,regular,August 6 2020,SAC,NOP,125,SAC,140
477157,regular,August 6 2020,MIL,MIA,116,MIL,130
477619,regular,August 6 2020,PHO,IND,99,PHO,114
478058,regular,August 6 2020,LAC,LAC,126,DAL,111
478487,regular,August 6 2020,POR,POR,125,DEN,115
478968,regular,August 6 2020,HOU,LAL,97,HOU,113
479435,regular,August 7 2020,SAS,UTA,111,SAS,119
479894,regular,August 7 2020,MEM,OKC,92,MEM,121
480374,regular,August 7 2020,BRK,SAC,106,BRK,119
480869,regular,August 7 2020,PHI,ORL,101,PHI,108
481341,regular,August 7 2020,NOP,WAS,107,NOP,118
481801,regular,August 7 2020,BOS,BOS,122,TOR,100
482257,regular,August 8 2020,LAC,LAC,122,POR,117
482862,regular,August 8 2020,DEN,UTA,132,DEN,134
483330,regular,August 8 2020,IND,LAL,111,IND,116
483772,regular,August 8 2020,PHO,PHO,119,MIA,112
484358,regular,August 8 2020,DAL,MIL,132,DAL,136
484808,regular,August 9 2020,OKC,WAS,103,OKC,121
485292,regular,August 9 2020,TOR,MEM,99,TOR,108
485814,regular,August 9 2020,SAS,SAS,122,NOP,113
486337,regular,August 9 2020,BOS,ORL,119,BOS,122
486819,regular,August 9 2020,POR,PHI,121,POR,124
487285,regular,August 9 2020,HOU,HOU,129,SAC,112
487742,regular,August 9 2020,BRK,BRK,129,LAC,120
488228,regular,August 10 2020,PHO,OKC,101,PHO,128
488651,regular,August 10 2020,DAL,DAL,122,UTA,114
489168,regular,August 10 2020,TOR,TOR,114,MIL,106
489646,regular,August 10 2020,MIA,IND,92,MIA,114
490064,regular,August 10 2020,LAL,DEN,121,LAL,124
490522,regular,August 11 2020,BRK,BRK,108,ORL,96
490991,regular,August 11 2020,SAS,HOU,105,SAS,123
491422,regular,August 11 2020,PHO,PHO,130,PHI,117
491905,regular,August 11 2020,BOS,BOS,122,MEM,107
492401,regular,August 11 2020,POR,POR,134,DAL,131
492842,regular,August 11 2020,SAC,NOP,106,SAC,112
493351,regular,August 11 2020,MIL,MIL,126,WAS,113
493849,regular,August 12 2020,IND,IND,108,HOU,104
494367,regular,August 12 2020,TOR,TOR,125,PHI,121
494823,regular,August 12 2020,OKC,MIA,115,OKC,116
495261,regular,August 12 2020,LAC,LAC,124,DEN,111
495724,regular,August 13 2020,WAS,WAS,96,BOS,90
496164,regular,August 13 2020,SAC,SAC,136,LAL,122
496666,regular,August 13 2020,MEM,MIL,106,MEM,119
497094,regular,August 13 2020,PHO,DAL,102,PHO,128
497557,regular,August 13 2020,UTA,SAS,112,UTA,118
498024,regular,August 13 2020,POR,POR,134,BRK,133
498476,regular,August 13 2020,ORL,NOP,127,ORL,133
498915,regular,August 14 2020,TOR,DEN,109,TOR,117
499374,regular,August 14 2020,IND,MIA,92,IND,109
499916,regular,August 14 2020,LAC,OKC,103,LAC,107
500331,regular,August 14 2020,PHI,PHI,134,HOU,96
500808,regular,August 15 2020,POR,MEM,122,POR,126
